film_name,osyear,release_year,duration,imdb_rating,imdb_votes,film_id
Wings,1927,1927,144,7.5,12221,2becf7d5-a3de-46ab-ae45-abdd6b588067
7th Heaven,1927,1927,110,7.7,3439,19ed3295-a878-4fd2-8e60-5cd7b5f93dad
The Racket,1927,1928,84,6.7,1257,3111c2d8-0908-4093-8ff3-99c89f2f2f08
The Broadway Melody,1928,1929,100,5.7,6890,de063f3f-2d35-4e1c-8636-6eb4c16bd236
Alibi,1928,1929,91,5.8,765,609887c2-877c-43a4-b88c-e40e31096a98
Hollywood Revue,1928,1929,130,5.7,2004,689f22d5-a700-4ce1-b9be-65652f32c186
In Old Arizona,1928,1928,95,5.6,1019,a0644f19-a136-44c2-ab5d-50978ef19608
The Patriot,1928,1928,113,7.4,18,5d4ef7bd-2f81-47f3-9305-2c8fe140d4e4
All Quiet on the Western Front,1929,1930,152,8.1,59214,281742f9-3b4e-480d-b704-c8c15de6b721
The Big House,1929,1930,87,7.1,2079,297aa285-29d7-4a22-b833-c5632ab3e562
Disraeli,1929,1929,90,6.2,1143,831f96b0-ebf5-4e09-b47c-d39817b86092
The Divorcee,1929,1930,84,6.7,2982,71614648-8545-4f91-a15e-4991f0eb7f13
The Love Parade,1929,1929,107,7.0,2163,0dbbedb5-b8f0-4f0a-9ff7-95e75e43eca7
Cimarron,1930,1931,123,5.9,5851,db2683c0-128e-4b5c-858f-d9f18c2fb9b9
East Lynne,1930,1931,102,5.9,188,ed8c7dfc-97ab-4825-8bbc-74d31292acb4
The Front Page,1930,1931,101,6.8,2741,c873d149-786b-413f-ba9d-9978040b5436
Skippy,1930,1931,85,6.3,772,0f7347c9-a0a5-430b-8f28-43d703c9c4c8
Trader Horn,1930,1931,122,6.3,957,bd308f8f-cb26-43a0-8b5b-f110934927e0
Grand Hotel,1931,1932,112,7.4,18314,be69f946-6adc-47e4-8491-79d6c033f59d
Arrowsmith,1931,1931,108,6.2,1663,91572891-4303-45c2-967a-601b9fa8fe70
Bad Girl,1931,1931,90,6.5,1248,e97f865a-8711-465a-88da-423b67c08738
The Champ,1931,1931,86,7.3,3003,c8994348-093e-4e22-8ffe-6ad3332a2bab
Five Star Final,1931,1931,89,7.3,1944,9236968a-9ea9-473b-abe2-28ec8c141a8e
One Hour with You,1931,1932,78,7.2,2317,2299e2df-e18d-41d7-b5b9-ec0041db956d
Shanghai Express,1931,1932,82,7.3,8325,a6f9841d-533f-4360-9c6a-dbb3d26c8dd6
The Smiling Lieutenant,1931,1931,93,7.2,3540,cbe0150a-db25-4d46-9d21-183802460465
Cavalcade,1932,1933,112,5.9,4961,e71a2212-92c3-4212-9eb2-d468f10c768e
42nd Street,1932,1933,89,7.4,11342,1ad59370-1ed5-4d3a-a8c4-8571f95da168
A Farewell to Arms,1932,1932,80,6.5,5567,39ab1f95-f400-4cdc-be82-425015486234
I Am a Fugitive from a Chain Gang,1932,1932,92,8.2,12604,e36dda02-b84a-4337-ad66-cfa30a5df599
Lady for a Day,1932,1933,96,7.4,3971,7dda746d-5569-4711-afa6-9b76b5e7fa4f
Little Women,1932,1933,115,7.2,6778,f6fa2e25-588d-414f-a59d-67b9eb033270
The Private Life of Henry VIII,1932,1933,97,7.1,4090,625a769c-475b-4c27-8c25-01905fe4f583
She Done Him Wrong,1932,1933,66,6.4,5899,af3be976-1cee-4383-a6f1-50545a634ab5
Smilin Through,1932,1932,98,6.9,1266,cd94faa5-73a9-49d2-82ab-4fcafbde6dc8
State Fair,1932,1933,99,6.8,829,01707372-d948-43ef-91ed-f57945a48ed4
It Happened One Night,1934,1934,105,8.1,98409,88fe2d2b-3e07-4c9f-9978-388b4f7b0c93
The Barretts of Wimpole Street,1934,1934,109,7.0,1795,d66f2e6e-b9a6-4f20-972b-315f3998b5a4
Cleopatra,1934,1934,100,6.8,3678,30a8cacf-0902-4d8c-9c02-934c09e284a6
Flirtation Walk,1934,1934,97,5.7,700,97e60fc4-5f01-412e-b350-075f1c78939f
The Gay Divorcee,1934,1934,107,7.5,7455,4cff46f4-7853-40a0-9b52-39643b2d257a
Here Comes the Navy,1934,1934,87,6.3,940,becfca3d-e679-46b3-a592-a13fcef61f5a
The House of Rothschild,1934,1934,88,6.6,1127,a1f33617-6fce-4106-bcd4-4e5b540175e2
Imitation of Life,1934,1934,111,7.5,4423,ec7b23f4-2394-4739-adaa-6dbeb10b0b28
One Night of Love,1934,1934,84,5.7,577,ff621866-7c96-4eb3-855c-0c10be8340ce
The Thin Man,1934,1934,91,8.0,27959,3ae65a34-8ae8-42c5-9404-06faa25b3cb0
Viva Villa!,1934,1934,115,6.4,1277,3ca53584-968b-4ef8-9a29-408223864bc9
The White Parade,1934,1934,80,6.8,86,8d241c99-a9e3-4371-8011-949b36ca7f47
Mutiny on the Bounty,1935,1935,132,7.7,21805,3cea2927-f5a4-4ffb-9e17-88566f2cd111
Alice Adams,1935,1935,99,6.9,4020,73d8b0a6-dc25-48c0-aa51-e73990fc02d2
Broadway Melody of 1936,1935,1935,101,6.8,1662,11f40e01-e1d5-4f74-ae72-230823543e37
Captain Blood,1935,1935,119,7.7,13708,106183d2-50d3-4d50-8ead-6ed52a93f7c6
David Copperfield,1935,1935,130,7.4,4069,303fd7b4-de82-4d82-a79f-857b45dda877
The Informer,1935,1935,91,7.4,6169,98c15d3b-d3c6-4af3-b717-12d446154f5d
The Lives of a Bengal Lancer,1935,1935,109,7.1,2813,f6953c25-25ea-41d3-807c-ef4fdfed54cd
A Midsummer Nights Dream,1935,1935,133,6.9,3339,dee5c6d4-6438-4110-b72a-a49322b52070
Les Misérables,1935,1935,108,7.7,3468,521b9bf2-426b-49a1-aeb3-d228db8a970c
Naughty Marietta,1935,1935,105,6.7,1307,adde70ec-0094-4ce0-91ff-6b9ab12387fd
Ruggles of Red Gap,1935,1935,90,7.6,3874,f4c74985-f2ec-45db-b8aa-444087ad34d4
Top Hat,1935,1935,101,7.8,18339,c7ea701f-f0be-4108-b734-14412b70d3b2
The Great Ziegfeld,1936,1936,176,6.7,7665,321ede7b-fac6-4259-b070-b403b3404042
Anthony Adverse,1936,1936,141,6.4,1706,339e98eb-684b-4a4e-a67c-9a3ffb5f0de9
Dodsworth,1936,1936,101,7.8,8668,693ad8e8-f9cf-4c4d-b332-18026348de67
Libeled Lady,1936,1936,98,7.9,7509,c41fc4b0-1b68-49d4-a45e-02699fbb9ec1
Mr. Deeds Goes to Town,1936,1936,115,7.9,20594,9a189d11-e4f6-4b2b-9762-702806ce4a85
Romeo and Juliet,1936,1936,125,6.5,1910,1b04f1e8-f46b-403f-a5df-89ebebb52e4a
San Francisco,1936,1936,115,7.2,5254,d9c9ba4b-4fcd-4253-ba8b-8a80ea852fb9
The Story of Louis Pasteur,1936,1936,86,7.3,2601,40acf99f-bc62-45ee-a766-0297530113d1
A Tale of Two Cities,1936,1935,128,7.8,5508,da9c58f7-84b6-4d02-a66a-b5b19d3eea7f
Three Smart Girls,1936,1936,84,6.7,1344,8866b966-f0a8-4881-88f6-ac7c24e9e1e5
The Life of Emile Zola,1937,1937,116,7.2,7771,0538990c-5cfe-4b21-b733-386740e5cbd6
The Awful Truth,1937,1937,90,7.7,18721,fe542b19-4de9-465d-8b97-19ff88872e56
Captains Courageous,1937,1937,117,8.0,9243,bb80b913-a013-4ff1-8c07-7e0ff28c4557
Dead End,1937,1937,93,7.3,7083,5df24f1d-57f8-4d1d-a15d-df07ea5715b1
The Good Earth,1937,1937,138,7.5,4753,6d9e1900-6589-43ae-b80f-863d03cbbdaa
In Old Chicago,1937,1938,95,6.8,2233,1957aeb5-48c9-423c-8a3d-1f918ba388d2
Lost Horizon,1937,1937,132,7.7,12513,20f2a079-71bd-4c1c-aff7-46237962b8cb
One Hundred Men and a Girl,1937,1937,84,6.8,1029,c3d7ac23-64c7-48e5-8aba-c2af3f5b23eb
Stage Door,1937,1937,92,7.8,8040,5a739df8-434b-46e9-82c0-9b8f71c9c946
A Star Is Born,1937,1937,111,7.3,9301,ea80da77-0642-48c5-a2eb-1d03fb856d2f
You Cant Take It with You,1938,1938,126,7.9,24466,7530ae81-5165-4431-8a05-5e3a75811021
The Adventures of Robin Hood,1938,1938,102,7.9,49004,bec32b70-fccd-4f50-b68d-88cca2d2fc7b
Alexanders Ragtime Band,1938,1938,106,6.9,2042,a380741f-f2ba-415d-a5b5-f81f826f93a7
Boys Town,1938,1938,96,7.3,5449,ebce9bc4-4abc-4b48-929f-30a29b1edd7d
The Citadel,1938,1938,110,7.1,2047,84a31ac1-04d7-4810-af0a-b639d529f159
Four Daughters,1938,1938,90,6.9,1881,bf7bd76e-f5f7-4a5a-a24e-6ce226a605e9
Grand Illusion,1938,1937,113,8.1,35191,121b4de3-2e42-45eb-a8cc-f4496df79d8a
Jezebel,1938,1938,104,7.5,12874,70ed2948-fca0-42ab-8421-51bc760a62d4
Pygmalion,1938,1938,89,7.8,8321,31a7d601-261c-478d-969c-5f64d33d531d
Test Pilot,1938,1938,119,6.9,2323,ce4b4264-affe-4e48-9d0b-49b6532449b2
Gone with the Wind,1939,1939,238,8.1,300592,bcad3809-e6ad-471a-8e05-1035efaaaaf4
Dark Victory,1939,1939,104,7.5,10648,ae377884-4d60-47f5-893a-1d2577eb6405
Goodbye Mr. Chips,1939,1939,114,7.9,10164,72360bec-f930-4772-beac-21bee3e92055
Love Affair,1939,1939,88,7.3,4857,c04357fe-39cc-414f-b871-94be98bc38ed
Mr. Smith Goes to Washington,1939,1939,129,8.1,110984,38d9b2bf-23d2-4827-8bfa-336ba0dbf1c3
Ninotchka,1939,1939,110,7.9,19988,62d27610-e080-4569-9260-c7883e13adbc
Of Mice and Men,1939,1939,106,7.9,5813,45488a28-fbf5-4264-944a-d0daa7030486
Stagecoach,1939,1939,96,7.9,45997,48e19755-7fc6-48d3-af96-7024e9f688ef
The Wizard of Oz,1939,1939,102,8.0,378893,736cefc8-1a8f-4249-943d-7dce78308ddf
Wuthering Heights,1939,1939,104,7.6,17314,961860de-899b-4c9a-85ba-d5fb0359cbfb
Rebecca,1940,1940,130,8.1,130546,e39af7f6-07a0-44e2-ad07-3924634c0aea
All This and Heaven Too,1940,1940,141,7.5,4728,83619bb1-3c1d-4e3b-bf20-98f9dca469f3
Foreign Correspondent,1940,1940,120,7.5,19657,d0f8a19e-333c-4dde-aedc-5a15d1df26e0
The Grapes of Wrath,1940,1940,129,8.1,89303,1709969c-4b54-4c2b-a3ef-384c9a800499
The Great Dictator,1940,1940,125,8.4,212446,0abfd0f9-e6e1-4472-8b47-c36c4d34b76e
Kitty Foyle,1940,1940,108,6.9,3495,31371633-b7be-4548-a770-c594d52adc1b
The Letter,1940,1940,95,7.6,12503,a70ff35f-ffc2-4081-8af5-e21d50f21adb
The Long Voyage Home,1940,1940,105,7.0,4139,a7c8d95f-898d-40c0-9880-be1174375e08
Our Town,1940,1940,90,6.6,2525,094d9387-875a-4973-b6e4-fed1231ae253
The Philadelphia Story,1940,1940,112,7.9,66044,c75809c1-8391-4a67-924b-4a5dfcfdaef0
How Green Was My Valley,1941,1941,118,7.7,22753,86576fae-02a5-4f78-afe5-908908310def
Blossoms in the Dust,1941,1941,99,6.9,1919,75142b0a-bc65-40aa-82b6-716395a2946d
Citizen Kane,1941,1941,119,8.3,420959,765e5aea-e5af-4695-9be2-f3ef765b8012
Here Comes Mr. Jordan,1941,1941,94,7.6,6154,0da3472b-30f2-499d-9418-6af8d76d2028
Hold Back the Dawn,1941,1941,116,7.4,2247,0c375c45-09a9-464e-bc4e-15a1df41ba11
The Little Foxes,1941,1941,116,8.0,11254,4fd7b78f-8984-4220-a075-b30022fde49f
The Maltese Falcon,1941,1941,100,8.0,152988,86d1ae85-1bda-4459-912d-d21a430496b9
One Foot in Heaven,1941,1941,108,6.8,1213,ea25fe87-1c55-4e28-bd3f-4bef5da7419e
Sergeant York,1941,1941,134,7.7,17415,4c463067-6325-43eb-8f11-e17695722ca9
Suspicion,1941,1941,99,7.4,36081,d7422da7-0391-4b9e-a1e6-99a169b7d9fe
Mrs. Miniver,1942,1942,134,7.6,16879,697603ab-2be4-4a8c-88be-b96bdfe299cf
49th Parallel,1942,1941,123,7.3,6333,6f05b0c0-cc9e-4f2f-b208-0aec3b17c727
Kings Row,1942,1942,127,7.5,4285,c19bbf1c-15de-4eba-9ae4-c491063a83fe
The Magnificent Ambersons,1942,1942,88,7.7,23662,36febb3c-b95a-4830-a4a4-8e2ec057cbd2
The Pied Piper,1942,1942,87,7.1,565,91e29b8b-715b-4755-a0f1-ee5098a0cdf3
The Pride of the Yankees,1942,1942,128,7.7,10459,13aebc37-5ad5-45fc-888f-8acedb312621
Random Harvest,1942,1942,126,8.0,7331,9a4e6934-a118-4962-9a79-0bf4950f1b65
The Talk of the Town,1942,1942,118,7.5,7884,d960aa81-38e9-466c-8b15-96ba859fcc80
Wake Island,1942,1942,88,6.8,1924,c7d20743-838e-46e9-bed1-449681a16609
Yankee Doodle Dandy,1942,1942,126,7.7,14872,06f78a82-6916-485b-9753-a1ba18a4a938
Casablanca,1943,1942,102,8.5,541023,5450540a-1dec-4572-8752-75c5ae55cf7d
For Whom the Bell Tolls,1943,1943,170,6.9,8880,f8981628-2933-42ec-a21b-e9c31164979b
Heaven Can Wait,1943,1943,112,7.4,10272,7694bb35-bd99-4b9f-8616-e3c1c0462484
The Human Comedy,1943,1943,117,7.0,2044,e85d6ec9-cb6f-4daa-bf6d-876b7104b675
In Which We Serve,1943,1942,115,7.2,5442,af643708-8af7-43c3-9aeb-26be972a6288
Madame Curie,1943,1943,124,7.2,2779,a9dc092c-409a-4d55-a169-b514b7784136
The More the Merrier,1943,1943,104,7.7,6264,c8d03653-289f-422c-a385-fb2097fd2996
The Ox-Bow Incident,1943,1942,75,8.0,22189,5577eaba-960d-452f-a3f3-6a1bc66070a0
The Song of Bernadette,1943,1943,156,7.6,6554,7b8c91d7-b87f-4871-ad87-dec95f2fd0da
Watch on the Rhine,1943,1943,114,7.3,4246,1a4e8a94-150d-484a-8b25-959ab5dfc42e
Going My Way,1944,1944,126,7.1,11187,e8c09304-ad53-4c4d-9d08-72b059d37892
Double Indemnity,1944,1944,107,8.3,149399,c08eaccc-190e-4e88-bb31-e2a9ddf6f09c
Gaslight,1944,1944,114,7.8,26296,bd1cbfe3-80d9-4c20-81ee-1fcccdd3b2a4
Since You Went Away,1944,1944,177,7.5,4428,8eee9309-2368-44a0-b135-e1d857b03f3a
Wilson,1944,1944,154,6.4,1525,2591f82c-c979-47ab-9974-750661ef6a59
The Lost Weekend,1945,1945,101,7.9,35261,0b7a2648-33c4-4eed-b40d-86b581f69c9c
Anchors Aweigh,1945,1945,140,7.1,8298,a9713f3b-472e-4338-bd59-6021b65a9c75
The Bells of St. Marys,1945,1945,126,7.3,7546,f155c808-5944-457e-a02a-a21df320706a
Mildred Pierce,1945,1945,111,8.0,24288,6f3cf796-6ae0-4219-84c8-211dd3ec205d
Spellbound,1945,1945,111,7.5,46578,e285e8cf-d49c-48b8-b75f-20dcb3d82804
The Best Years of Our Lives,1946,1946,170,8.1,60810,0d07ce49-6844-4370-b4d7-10d9f02565ba
Henry V,1946,1944,137,7.1,6145,8be23af2-d367-4e60-aae1-77505db9de19
Its a Wonderful Life,1946,1946,130,8.6,420975,d17331c1-4d16-4d92-8718-629629129d7c
The Razors Edge,1946,1946,145,7.4,5770,3328143b-a27d-4cfc-b6d8-44086e698a9e
The Yearling,1946,1946,128,7.2,5658,c7fac549-3837-42a5-b768-9312e6104ee9
Gentlemans Agreement,1947,1947,118,7.2,15593,2de2c926-1509-4aca-bb49-6a2514c7ec7a
The Bishops Wife,1947,1947,109,7.6,15790,785f3b90-b888-4e90-9c85-5f7029845027
Crossfire,1947,1947,86,7.3,8030,17e1d9b6-6666-4a83-a898-c1a2472f3cf2
Great Expectations,1947,1946,118,7.8,23120,17b7b449-345b-4d36-8d67-65597db9d27f
Miracle on 34th Street,1947,1947,96,7.9,44012,ef10f104-3bb4-4576-be62-49bd89ffa349
Hamlet,1948,1948,154,7.6,16167,443109e2-d3c6-4b1d-9bec-3c732801d861
Johnny Belinda,1948,1948,102,7.8,4549,45588422-6266-430e-b2e1-292fbf12e238
The Red Shoes,1948,1948,135,8.1,32804,75ddd507-9137-452e-b08c-89cbb2297bd8
The Snake Pit,1948,1948,108,7.6,7232,894290ac-2b55-458e-b4b6-c5978fc487c7
The Treasure of the Sierra Madre,1948,1948,126,8.2,119133,76320732-9fe8-40c8-9532-bf16a4b45483
All the Kings Men,1949,1949,110,7.5,14270,80c1f8b9-36f0-4648-9103-1a27b4b15d6f
Battleground,1949,1949,118,7.5,6970,8e1fd126-bcd3-4f20-bfa7-54bcc056dfe8
The Heiress,1949,1949,115,8.2,14871,27cd281b-e5bd-4b05-9634-8557891a9593
A Letter to Three Wives,1949,1949,103,7.7,9000,2c905a08-03f0-45e6-91e7-a9c9bc17826d
Twelve OClock High,1949,1949,132,7.7,13989,1a47efdd-746d-4c28-bd9f-15d2553c73ae
All About Eve,1950,1950,138,8.2,125426,95920d24-3ce7-41e7-bf13-35f70fa38da1
Born Yesterday,1950,1950,103,7.6,10597,7e8fd405-833d-4bba-821c-88f3601017a2
Father of the Bride,1950,1950,92,7.2,10742,f83ea7fe-8013-4f13-bda4-4458c4d177e1
King Solomons Mines,1950,1950,103,6.8,5929,da749acb-0277-4941-93b2-54dda27d75fb
Sunset Boulevard,1950,1950,110,8.4,210129,ed6d6f9d-2b4e-495e-bdfc-4b3c4f96ee5a
An American in Paris,1951,1951,114,7.2,31953,11fe2b71-cbc2-446f-a3d6-2c5b75ca4dd3
Decision Before Dawn,1951,1951,119,7.2,2596,1d36e03f-db5b-44e6-8cba-9c914bcb72f0
A Place in the Sun,1951,1951,122,7.8,21429,4ca1818a-9d22-4a5e-884e-4f892a2232ed
Quo Vadis,1951,1951,171,7.2,14371,493704e4-edf5-493c-ba97-ff530fe7332f
A Streetcar Named Desire,1951,1951,122,8.0,103781,2c848e08-0362-4305-b9c6-b52b3210b998
The Greatest Show on Earth,1952,1952,152,6.6,13797,cc4a95ef-5ae4-4c0a-8ccb-086764ef8c36
High Noon,1952,1952,85,8.0,100501,839c34d7-1b03-447d-b883-d03e35bd12c5
Ivanhoe,1952,1952,106,6.8,8627,0726de1a-97f7-4d02-8ebf-ede53d66faf7
Moulin Rouge,1952,1952,119,7.1,5284,ba1a50b8-ecb8-4626-b122-a29205c20a4f
The Quiet Man,1952,1952,129,7.8,36499,6e88383e-fac9-4946-a4fc-f4d0a9647c07
From Here to Eternity,1953,1953,118,7.6,45045,4053e1d8-c821-4247-a020-baca7eaef18d
Julius Caesar,1953,1953,120,7.3,11012,c809744c-13bb-4ded-b500-91b644ee825f
The Robe,1953,1953,135,6.8,9876,2ee37736-fd84-4b57-a9c9-df11a9e70329
Roman Holiday,1953,1953,118,8.0,132970,b732f88f-79d4-43c3-b355-02f7898d908f
Shane,1953,1953,118,7.6,38752,32b9e439-a62e-4fbc-b103-dd8cbbd34f5e
On the Waterfront,1954,1954,108,8.1,147893,6e80353a-6ace-497d-9c6c-1756457a6dc8
The Caine Mutiny,1954,1954,124,7.7,26649,6eae2bc6-40f4-44f8-85c6-a11f363726cf
The Country Girl,1954,1954,104,7.3,5766,27b1c21b-9ec8-4270-84a1-ff91400e2b2e
Seven Brides for Seven Brothers,1954,1954,102,7.4,23448,96a4a3d6-e8dd-40cb-a54c-b5dbcbfc5e32
Three Coins in the Fountain,1954,1954,102,6.3,3276,2ebbefba-fb33-47ed-97bb-2b22c85606db
Marty,1955,1955,90,7.7,22916,0e335b5a-ed13-4c51-8028-d489d57a1e75
Love Is a Many-Splendored Thing,1955,1955,102,6.5,4688,2bd69ac3-6b2e-4132-b1b0-0f073a1c75e9
Mister Roberts,1955,1955,123,7.7,16057,eab1a500-de95-4cf8-a44e-314760de571d
Picnic,1955,1955,115,7.1,8425,d9576b2a-0b16-4c95-b574-4ea6cd782260
The Rose Tattoo,1955,1955,117,7.0,3763,a74c209a-4f5f-4f90-aaec-6c77b62b3ed3
Around the World in 80 Days,1956,1956,175,6.8,26019,a0ddcb59-a173-4ffb-9139-3a1a71d006aa
Friendly Persuasion,1956,1956,137,7.4,6784,bde43e69-9c9b-4b7b-a438-f5aa9dcb8808
Giant,1956,1956,201,7.6,36951,c77c1d53-c9ea-400d-ad82-7e740e7f1e29
The King and I,1956,1956,133,7.4,24685,05914cd6-60ae-4836-bdc7-1e6ec4b1eb8c
The Ten Commandments,1956,1956,220,7.9,66969,7f920258-daa7-4df8-84f1-2f41ddb99b9d
The Bridge on the River Kwai,1957,1957,161,8.1,210558,fc627090-b4c0-418b-8437-94b0f41d9bba
12 Angry Men,1957,1957,96,9.0,725938,4b3c9249-b991-4a5a-b35d-bf98e217e2bf
Peyton Place,1957,1957,157,7.2,5707,548cd53c-e455-4fe0-b10b-64d59cadc17b
Sayonara,1957,1957,147,7.1,6473,76b1d406-1398-4917-9007-23484d207a8d
Witness for the Prosecution,1957,1957,116,8.4,115545,db810dc3-c8f5-40be-b525-a77898135ad4
Gigi,1958,1958,115,6.7,21807,7d5a1db5-c60e-458c-9f9e-4ce599f4118a
Auntie Mame,1958,1958,143,7.9,10825,ed3ebe9b-ba2b-4a93-bd71-369b04396fab
Cat on a Hot Tin Roof,1958,1958,108,8.0,47222,466621aa-287c-4316-9083-74a5fc72a4f6
The Defiant Ones,1958,1958,96,7.6,14358,45435847-81e6-44f8-891d-59ac0e5bb985
Separate Tables,1958,1958,100,7.4,7248,a19cbb5a-db41-4119-a8ed-c805948873a8
Ben-Hur,1959,1959,212,8.1,227894,0bb257f6-e9ee-4afd-b8f0-69c2ea1167ae
Anatomy of a Murder,1959,1959,161,8.0,62835,326c4a14-173e-40e2-a943-bc8e7f61128c
The Diary of Anne Frank,1959,1959,180,7.4,12413,77f80298-293e-4bd3-a071-394c8136600d
The Nuns Story,1959,1959,149,7.6,9968,acc60dd6-f542-493e-9900-2174bd8cf1b2
Room at the Top,1959,1959,115,7.5,5746,53007b62-3d97-4d58-b381-10747520cb22
The Apartment,1960,1960,125,8.3,171390,bec485c9-8736-4ec5-8275-478478dc1d20
The Alamo,1960,1960,162,6.8,15189,547529c6-55ca-4007-be9d-d064b271c15e
Elmer Gantry,1960,1960,146,7.8,11043,06cb872f-b533-437b-a0ce-89cd08b8c6f6
Sons and Lovers,1960,1960,103,7.1,1506,2f559ba8-3cce-4cdd-a404-fa99f01eb249
The Sundowners,1960,1960,133,7.1,4031,f7881b5a-0ca8-44df-aef1-7428f3a703e0
West Side Story,1961,1961,153,7.5,101270,ef8f5e5d-f603-44ab-b358-091f26b0da7b
Fanny,1961,1961,134,6.9,2121,c25b2d36-9391-4279-8a8f-edc0e68d3a41
The Guns of Navarone,1961,1961,158,7.5,47296,ea4834bd-a58a-44a0-b796-7e54e3422e90
The Hustler,1961,1961,134,8.0,78871,0d5ee029-1350-4625-b906-afc878129ecf
Judgment at Nuremberg,1961,1961,179,8.2,73363,4de772d6-c839-490e-9e4a-365b48c6570a
Lawrence of Arabia,1962,1962,228,8.3,278596,77641adf-a5dc-4475-9e3b-dd61c4e32951
The Longest Day,1962,1962,178,7.8,53759,4f1a7a69-6434-477c-9124-2341c633a8a8
The Music Man,1962,1962,151,7.7,16665,1a4cbf83-c2d2-4bad-91c5-83aaac03ed16
Mutiny on the Bounty,1962,1962,178,7.2,15634,8d5317bd-df12-4f24-b34d-e5047ef4665e
To Kill a Mockingbird,1962,1962,129,8.3,303387,63ebac97-3aa2-4dd3-8d53-3e8476873668
Tom Jones,1963,1963,129,6.5,12448,e96a144c-3f01-4f2f-a3ee-fc54bcd81df9
America America,1963,1963,174,7.8,5215,7b22a71b-6b22-4b6c-a7ee-4f3a9bc6a3f6
Cleopatra,1963,1963,192,7.0,31027,47a31f2d-67c9-4aa1-a336-6f30e4dc6c57
How the West Was Won,1963,1962,164,7.1,19741,418250a9-d63e-41d1-8e48-8a5190ab57f1
Lilies of the Field,1963,1963,94,7.6,9751,cec49f67-0474-42fe-bb36-d75224995e60
My Fair Lady,1964,1964,170,7.8,90361,c3a074a7-658b-4a79-a049-eb30cdf3de0e
Becket,1964,1964,148,7.8,14231,5a35a08e-eafc-46f1-add2-8413867d1bcb
Dr. Strangelove or: How I Learned to Stop Worrying and Love the Bomb,1964,1964,95,8.4,466261,cd6d6c18-61aa-4e9a-bdec-0dcb2d749dde
Mary Poppins,1964,1964,139,7.8,163118,ef2ab197-e570-481a-8a5c-ecc33bbc59ce
Zorba the Greek,1964,1964,142,7.7,21591,91ff3fae-0b8f-495f-bcad-355504e26ba5
The Sound of Music,1965,1965,172,8.0,215374,457971a1-ae06-42ce-9ddd-17e9be9b32af
Darling,1965,1965,128,7.1,6468,39e6d744-7f92-4cbf-9300-55a43bf7a5e3
Doctor Zhivago,1965,1965,197,8.0,72548,cb1ae708-873b-4b2e-b0ea-57967782d566
Ship of Fools,1965,1965,149,7.1,5725,85e8bfd9-99a2-40a6-b331-a333fa851c36
A Thousand Clowns,1965,1965,118,7.4,3349,18894f37-9638-447a-970c-11024860541f
A Man for All Seasons,1966,1966,120,7.7,33107,d9e00e8e-315d-4507-9eb2-bf89bde7779a
Alfie,1966,1966,114,7.0,14178,cb3bba47-5662-4b6d-b6fe-fab2b97102ac
The Russians Are Coming the Russians Are Coming,1966,1966,126,7.0,8473,c73f5f10-891e-4204-b848-e5a9e422ad9f
The Sand Pebbles,1966,1966,182,7.6,14184,dc277c9f-c5fd-46fa-8b70-25dadbc444cb
Whos Afraid of Virginia Woolf?,1966,1966,131,8.0,72597,34a129cf-eb80-461b-a6da-c8f46df67c60
In the Heat of the Night,1967,1967,110,7.9,70719,467a1595-1c69-442d-ab43-92f68b932ddc
Bonnie and Clyde,1967,1967,111,7.8,107803,88b6470e-a145-47f2-b74a-3ba3266f2e4f
Doctor Dolittle,1967,1967,152,6.2,9028,0d5b2439-d817-4a04-ada3-446556084561
The Graduate,1967,1967,106,8.0,261921,da0bc2bf-7a48-44b7-be73-8e61624bc7b1
Guess Whos Coming to Dinner,1967,1967,108,7.8,41907,2c26535d-eada-47be-8af1-75bbe5eeed78
Oliver!,1968,1968,153,7.4,36386,bc77f25e-71fa-4563-be5d-47648fe69070
Funny Girl,1968,1968,151,7.4,21174,83010621-a7cc-4e5e-b770-7bdb7c643cd2
The Lion in Winter,1968,1968,134,7.9,30196,15a28039-7a34-4e2d-89ea-ff8d61b669ff
Rachel Rachel,1968,1968,101,7.3,3213,55fcf55d-06e6-4b54-8133-aca96742158c
Romeo and Juliet,1968,1968,138,7.6,30500,b89ed64f-55e8-4c3e-80ee-e7ba748531ab
Midnight Cowboy,1969,1969,113,7.8,106077,bc91f715-a16b-4de7-8aa5-7b0b2f875bdb
Anne of the Thousand Days,1969,1969,145,7.5,7138,56358a21-e826-4674-a4b5-aefbf11395a0
Butch Cassidy and the Sundance Kid,1969,1969,110,8.0,208400,174d890a-717f-4f2d-bff6-03b91ede8466
Hello Dolly!,1969,1969,146,7.1,14420,204c5d1d-ac8b-41fe-ba95-77c323121c43
Z,1969,1969,127,8.3,25227,65fd73b8-d854-42fb-97eb-2ed7866c831d
Patton,1970,1970,172,7.9,98155,542831fe-9ee4-4997-badb-98cabd43c3d2
Airport,1970,1970,137,6.6,18289,5bbfb550-a96e-49a4-90fc-a8351617e709
Five Easy Pieces,1970,1970,98,7.5,35199,0d283411-d75d-413e-b31c-ece555cf661f
Love Story,1970,1970,100,6.9,32681,0a7e8fe6-3614-4599-bdf3-1bc14f161ffa
M*A*S*H,1970,1970,116,7.5,69897,f65882a5-46f8-42f7-9302-bfc76fd0989d
The French Connection,1971,1971,104,7.7,115341,02e62c41-fdb4-401f-a2a5-615fec952f9e
A Clockwork Orange,1971,1971,136,8.3,783346,b19db2e9-f854-4631-99b6-9c4ab7d08077
Fiddler on the Roof,1971,1971,181,8.0,41233,adaf460e-b6f6-4acf-9419-b396d719a400
The Last Picture Show,1971,1971,118,8.0,44843,c4c3d7c5-c66c-4148-b205-812f47fc9c4f
Nicholas and Alexandra,1971,1971,183,7.2,4671,85261a3e-21e0-4862-9850-5cef43307bc0
The Godfather,1972,1972,175,9.2,1697396,fa8d4d3c-41e1-488f-a30d-715a0ff09764
Cabaret,1972,1972,124,7.8,51698,e353fab3-80df-4ebd-afcd-93f70b158537
Deliverance,1972,1972,109,7.7,102934,5ab0fdff-d86a-4320-822c-33d1184f43e6
The Emigrants,1972,1971,151,8.0,6121,ec2ca519-2209-40f8-b5e0-d1776bf1b140
Sounder,1972,1972,105,7.6,3920,6e7ed550-a733-4030-a8e4-2aaf59a245dd
The Sting,1973,1973,129,8.3,249856,bb6ef738-b9e4-49a2-b8fb-ab2429add488
American Graffiti,1973,1973,110,7.4,85117,a2b35269-b14a-4126-a4bc-0530348b2457
Cries and Whispers,1973,1972,91,8.1,32122,1f294125-03d2-4cca-b9b0-b767bdb0b816
The Exorcist,1973,1973,122,8.0,375156,0cb63313-b7e2-49db-8bf9-17e72d61183e
A Touch of Class,1973,1973,106,6.5,2991,db331a83-f319-4566-99a6-3c1d77937cf9
The Godfather Part II,1974,1974,202,9.0,1178981,a29ebc75-3d9a-441f-966c-7b53a3478a71
Chinatown,1974,1974,130,8.2,308349,fc910341-bca7-4172-abff-116ca3e6d80e
The Conversation,1974,1974,113,7.8,105312,51f09950-d054-4bed-b422-cde53c0ad5d3
Lenny,1974,1974,111,7.6,15444,4a3d4e06-2109-4585-a4c1-53f25ae82ea3
The Towering Inferno,1974,1974,165,7.0,41582,7fb8aa38-464b-4846-85e0-e7e6cb0caaf8
One Flew Over the Cuckoos Nest,1975,1975,133,8.7,950833,93bd4453-5aa2-48b8-b2a6-c3f564fda13c
Barry Lyndon,1975,1975,185,8.1,157491,96bd883e-8ef5-4ad1-999f-2892326d1548
Dog Day Afternoon,1975,1975,125,8.0,245162,25ec6295-c9bc-4535-8b76-c4c4b6932b27
Jaws,1975,1975,124,8.0,563056,49107a35-a34e-44c0-8324-843c7535719f
Nashville,1975,1975,160,7.7,25084,2db901c8-7162-466f-a4d6-22aba1a726bf
Rocky,1976,1976,120,8.1,537813,9cc026b8-3a23-4db9-a703-c2353be1ee4d
All the Presidents Men,1976,1976,138,8.0,109033,048b181b-f1c1-4e3e-bb57-008c90e68339
Bound for Glory,1976,1976,147,7.3,4892,7ac51fff-7c08-48bb-8711-09a28224a21a
Network,1976,1976,121,8.1,151780,09e7097f-0026-4147-9f4d-a17b04a57690
Taxi Driver,1976,1976,114,8.2,758393,5fca34f6-fdf8-4e6f-a845-ba51eed1fc2e
Annie Hall,1977,1977,93,8.0,257550,50965bec-a059-4941-954a-07fddfa5a5e5
The Goodbye Girl,1977,1977,111,7.4,13292,e437045d-d8e6-466b-98f5-bf81d91883eb
Julia,1977,1977,117,7.2,9219,c982281e-2dfa-4de4-afb2-9bb7ad5300dc
Star Wars,1977,1977,121,8.6,1272908,b03dfef6-a70b-43ef-bdf3-011c42307248
The Turning Point,1977,1977,119,6.9,4457,b43cfa51-76a9-4f3a-a5f2-baacb12be7b4
The Deer Hunter,1978,1978,183,8.1,323543,dcfb372f-430d-4998-a7f2-f23a78863ed4
Coming Home,1978,1978,127,7.3,13023,1354afbf-5844-458c-a3c6-21c3119083c6
Heaven Can Wait,1978,1978,101,6.9,19822,8f0dd2a2-3322-4372-af45-cf1940585d86
Midnight Express,1978,1978,121,7.6,76311,01c95862-5a79-4087-9ae7-6f179d49ecd6
An Unmarried Woman,1978,1978,124,7.2,5113,c5d97b57-e71f-40a9-a696-baaefe835b93
Kramer vs. Kramer,1979,1979,105,7.8,138582,40ddb2ef-ead7-4129-9a4a-005bcb9385db
All That Jazz,1979,1979,123,7.9,29674,fcf2c847-059b-4750-b7a2-f1d150fadc63
Apocalypse Now,1979,1979,147,8.4,627726,7d84dcde-add0-4d6e-a416-5f418b0ee4a5
Breaking Away,1979,1979,101,7.7,22594,73d83b0b-79ba-47da-b7f2-ef0c2f78860b
Norma Rae,1979,1979,114,7.3,11062,42fd0a2b-55a7-4131-89a9-9de4d028d022
Ordinary People,1980,1980,124,7.7,49328,c7fdd5fc-4ab9-4195-8462-51c65f7cddd0
Coal Miners Daughter,1980,1980,124,7.5,17579,e30d2afc-0324-4610-8579-2dc703156dd3
The Elephant Man,1980,1980,124,8.1,229693,0887d632-30bd-4e84-9d29-6bbfdd5984b8
Raging Bull,1980,1980,129,8.2,334550,06fac879-3ee3-4c83-b676-16c49688b302
Tess,1980,1979,186,7.3,15999,4e06a3f7-c35d-40a9-9a49-45738b7c505b
Chariots of Fire,1981,1981,125,7.2,57292,dd41a9d6-8ccd-493a-8208-c515dd3053c1
Atlantic City,1981,1980,104,7.3,16039,554cc033-c312-486f-82d5-f751453452de
On Golden Pond,1981,1981,109,7.6,29276,f8b74df8-6eda-4e06-80f3-1222e3caa4a3
Raiders of the Lost Ark,1981,1981,115,8.4,914188,f70968f4-9afa-42d1-b73f-7bc1cbdbc218
Reds,1981,1975,127,7.6,35213,cb11d99b-5b54-4b7f-9526-45c7b96af6d7
Gandhi,1982,1982,191,8.0,223282,f4628a4a-c61d-4c53-8ee3-c44d18c7d400
E.T. the Extra-Terrestrial,1982,1982,115,7.8,386073,46284c86-cb07-478c-8456-8fd89e9c84a9
Missing,1982,1982,122,7.7,20689,b113ce60-c3f8-4941-b9da-ebfe82a3fc9e
Tootsie,1982,1982,116,7.4,101492,70a9622e-6db7-4e2c-aee8-10e95dada668
The Verdict,1982,1982,129,7.7,37826,7652b232-b5ee-4956-8681-297fc00d41ab
Terms of Endearment,1983,1983,132,7.4,57538,a9656df0-28f7-4c29-b304-676781b0aee1
The Big Chill,1983,1983,105,7.2,34895,c8242d31-95c1-4c16-84b1-ec015f01c19a
The Dresser,1983,1983,118,7.6,5072,3cf23d0c-6db3-4107-85bf-9416b8ea75ff
The Right Stuff,1983,1983,193,7.8,59265,6abefa70-b1a8-488e-a096-68be3603d570
Tender Mercies,1983,1983,92,7.4,10060,a7ce9a76-c855-4559-8100-17e45efa32da
Amadeus,1984,1984,160,8.3,381101,eae6dbc2-eeb2-428f-a591-0edebbd0c579
The Killing Fields,1984,1984,141,7.8,53545,6ac6765b-1aae-4bdf-8d0e-3b70b695a185
A Passage to India,1984,1984,164,7.3,18017,47237a83-cdd6-4b9f-8d52-a1ceeef87a1f
Places in the Heart,1984,1984,111,7.4,11271,62697f02-1274-4648-962e-44b423322cf5
A Soldiers Story,1984,1984,101,7.2,9570,5c207c3e-8e9c-4b50-a2e6-045cca40862a
Out of Africa,1985,1985,161,7.2,76084,13188c13-9d17-47b3-951d-02210617670d
The Color Purple,1985,1985,154,7.8,82027,529887f4-f40c-4df4-bde7-61edbc3b83ef
Kiss of the Spider Woman,1985,1985,120,7.4,15003,01b3d4bc-21ef-4792-8b0b-587b77b165e6
Prizzis Honor,1985,1985,130,6.7,23681,77e1a54f-4e63-4d9f-af02-d769a4cd9231
Witness,1985,1985,112,7.4,90252,4b7f540c-15bc-4304-99cb-8e71b4aeb986
Platoon,1986,1986,120,8.1,394151,7e6ac04e-1578-40f4-a38d-62fd5169e065
Children of a Lesser God,1986,1986,119,7.2,15807,c60692a0-d167-403e-b91e-b928c84a82ab
Hannah and Her Sisters,1986,1986,107,7.9,69273,d93370e0-15f5-4332-8f53-934c116db5f2
The Mission,1986,1986,125,7.4,58975,25e4f98b-6c66-4073-8298-412c4ef204b8
A Room with a View,1986,1985,117,7.3,41517,f90240d7-9cf8-4fa8-beb0-69e8020f188a
The Last Emperor,1987,1987,163,7.7,98273,451afb73-2c85-47f1-ac5b-f9989f0c7519
Broadcast News,1987,1987,133,7.2,28908,38fa3d70-d315-4777-aac6-79067a742e28
Fatal Attraction,1987,1987,119,6.9,80634,8b29c745-1a07-4bd5-881b-66dd81fe33ac
Hope and Glory,1987,1987,113,7.3,13104,db130473-1eda-40a4-babf-da6e269f1064
Moonstruck,1987,1987,102,7.1,54964,54bb0a14-14b0-4726-a85c-07f6bc91b858
Rain Man,1988,1988,133,8.0,488860,fffb86d7-7db1-427c-866c-06a2e79d745a
The Accidental Tourist,1988,1988,121,6.8,15488,b803316c-8926-4441-b44e-a13a70367c77
Dangerous Liaisons,1988,1988,119,7.6,66909,dda54969-86a7-475b-a0f3-80c6ce522d0f
Mississippi Burning,1988,1988,128,7.8,94171,f81a878d-fce0-4d2c-934e-0df851bf826c
Working Girl,1988,1988,113,6.8,54343,ebabac08-be22-4207-a0ab-436d1e3c2b63
Driving Miss Daisy,1989,1989,99,7.4,104806,feca6bb0-53c9-4495-a143-476bd692387b
Born on the Fourth of July,1989,1989,145,7.2,101778,a08e135b-07af-4bb9-a9cb-ff293f1372d3
Dead Poets Society,1989,1989,128,8.1,446811,ed614f84-1f17-42bb-8c65-64c484d8ad4f
Field of Dreams,1989,1989,107,7.5,113841,5f90d9e7-f6e0-421b-845f-84d81ddbec9e
My Left Foot,1989,1989,103,7.9,71014,49e21fd0-9d51-4006-9ee6-7518fba27201
Dances with Wolves,1990,1990,181,8.0,249524,98f8f2a9-a385-4248-a892-7c0857fb5260
Awakenings,1990,1990,121,7.8,132136,2605a134-1217-4ae4-bf30-43d97858e924
Ghost,1990,1990,127,7.1,204848,5e760389-af46-424d-bde2-405623e9ae86
The Godfather Part III,1990,1990,162,7.6,373892,881cf2a0-45e8-48b5-a63f-e59fd8e6d31a
Goodfellas,1990,1990,146,8.7,1065109,99af9db4-124b-4abb-b7cd-ee67426e50c8
The Silence of the Lambs,1991,1991,118,8.6,1326186,a6694bfa-4746-421e-bfab-5dd4a062b942
Beauty and the Beast,1991,1991,84,8.0,427333,9b075c78-d15a-46a2-acf2-cfe6e3b3f946
Bugsy,1991,1991,136,6.8,27635,dad4cc76-9f17-434e-8d0d-58efece318b8
JFK,1991,1991,189,8.0,147893,b3cd9be4-89eb-4ab7-8e0f-8740d4cad197
The Prince of Tides,1991,1991,132,6.7,17342,1d71e707-d959-4ead-806c-9bb20f42bf3c
Unforgiven,1992,1992,130,8.2,390280,2ec120ec-af89-47c0-a5de-ee0f0789cf1b
The Crying Game,1992,1992,112,7.3,53289,1035b815-61a1-4381-bbee-4e2bfeff00b5
A Few Good Men,1992,1992,138,7.7,245903,87a4b35b-0e2f-4a81-8563-a30239451080
Howards End,1992,1992,142,7.4,30508,02cd0473-5c6d-4537-8e92-e3c081ff133c
Scent of a Woman,1992,1992,156,8.0,277333,9da93e60-2304-4bc0-86e7-e76094b38c1e
Schindlers List,1993,1993,195,8.9,1261563,cb4bf724-69a8-4c3a-9334-de33c424441e
The Fugitive,1993,1993,130,7.8,278006,51603e98-58cc-49a1-97ea-23a78ca69543
In the Name of the Father,1993,1993,133,8.1,165134,1bd29323-753e-4cad-83e9-1994cd8e5c05
The Piano,1993,1993,121,7.6,81749,d7abff59-adc3-4845-bf3d-77b1a109b731
The Remains of the Day,1993,1993,134,7.8,69613,c4058de8-5d1f-4a0c-afdf-6e15bcb0d865
Forrest Gump,1994,1994,142,8.8,1895991,f93d65fb-33ab-4b66-9367-a50edabc2d3e
Four Weddings and a Funeral,1994,1994,117,7.1,145046,7c08aab3-e45c-4ba4-ba1a-fd30a67a320d
Pulp Fiction,1994,1994,154,8.9,1900918,8fc72f03-3f8e-4fc6-9231-ef6474c20433
Quiz Show,1994,1994,133,7.5,66948,cf8b285f-bd11-4433-88c4-37c897fec130
The Shawshank Redemption,1994,1994,142,9.3,2452594,995644f5-255c-4564-a647-7d0c8ccc17bb
Braveheart,1995,1995,178,8.3,986016,67a299f8-aabe-4cde-b74e-e71136632ea3
Apollo 13,1995,1995,140,7.6,279684,e0087fa7-4e07-4eb8-9397-b678d99ce8cb
Babe,1995,1995,91,6.8,120428,188f9551-fd40-473e-99da-688378336384
The Postman (Il Postino),1995,1994,108,7.7,34974,866815ad-c00c-414c-9e9c-e75466ecbcb9
Sense and Sensibility,1995,1995,136,7.7,108657,da35eb21-3cf9-4381-a241-064db05f34ac
The English Patient,1996,1996,162,7.4,183677,30efb856-db60-4652-a757-97ae45337801
Fargo,1996,1996,98,8.1,641314,f85a45ca-740d-4a6f-9506-6c57321fe04d
Jerry Maguire,1996,1996,139,7.3,251072,a574b721-f78d-44b9-bdf0-8c016ee72064
Secrets & Lies,1996,1996,136,8.0,41079,93446faf-582d-405b-bb2c-e963732076ee
Shine,1996,1996,105,7.7,52751,a300b5d0-bde2-49d7-9456-ead55c4539a7
Titanic,1997,1997,194,7.8,1089044,e7dc77ed-e48d-4cc4-9951-64802f947ce2
As Good as It Gets,1997,1997,139,7.7,285908,336cbfef-4f00-4c5c-ab6a-6b42e217a150
The Full Monty,1997,1997,91,7.2,102282,7f31cb60-c7dd-42f0-9f70-a3134c3237f4
Good Will Hunting,1997,1997,126,8.3,896929,3020a81f-9d77-4d3a-91b5-bbd32cad2aff
L.A. Confidential,1997,1997,138,8.2,550162,3cd18a77-0296-46a5-b092-b8f85298bc3a
Shakespeare in Love,1998,1998,123,7.1,218538,fa9d4ada-fefc-4e5c-a485-799c66b69fc8
Elizabeth,1998,1998,124,7.4,95572,cbcd4555-61ac-4558-9360-76533048b8f1
Life Is Beautiful,1998,1997,116,8.6,649390,fcdabd53-1c8b-44fe-a359-d21c4b02b59b
Saving Private Ryan,1998,1998,169,8.6,1287001,fcdb5a05-a025-412c-ad43-5af72cb3a5a7
The Thin Red Line,1998,1998,170,7.6,179626,3f1dd2d1-b8d0-48f6-9a80-6ccf384c9887
American Beauty,1999,1999,122,8.3,1101496,393ea3e0-1e32-4c65-8401-e36ab93bf22c
The Cider House Rules,1999,1999,126,7.4,95629,3c4ca5f5-080c-4580-b976-cc524daaca09
The Green Mile,1999,1999,189,8.6,1198434,8cb5515b-b9e6-4091-8381-c399ea29d16c
The Insider,1999,1999,157,7.8,165522,2b4faadc-b2c8-4b62-81f4-434109efd8f2
The Sixth Sense,1999,1999,107,8.1,939659,21b54a15-eca1-4777-b01f-1ef88402d8ab
Gladiator,2000,2000,155,8.5,1393352,3e67a3b9-f24a-420b-b9f8-78870126e1df
Chocolat,2000,2000,121,7.2,183002,8886c9d4-e3e8-4471-a859-a3c7d9504b00
Crouching Tiger Hidden Dragon,2000,2000,120,7.8,259991,f7251c84-34bd-4799-8988-50a0814515d9
Erin Brockovich,2000,2000,131,7.4,184808,06d3d335-5b97-4d11-8c20-ef9b39fa1a07
Traffic,2000,2000,147,7.6,201093,50dc035c-aa8c-4ae7-b590-8de1202c6ae3
A Beautiful Mind,2001,2001,135,8.2,878511,69218a0a-fbd1-4a2b-a19b-fc194d43d435
Gosford Park,2001,2001,131,7.2,83531,50dff062-b330-46b8-b529-19794302e949
In the Bedroom,2001,2001,131,7.4,39427,af8027ac-3084-497a-b1e1-a5405213a6e3
The Lord of the Rings: The Fellowship of the Ring,2001,2001,178,8.8,1724755,c604e2a8-7845-420e-9d8f-b3919b637b67
Moulin Rouge!,2001,2001,127,7.6,273077,2b0fed46-3cba-42a0-805e-776d022c38c8
Chicago,2002,2002,113,7.2,221622,5ca65d3f-4b1e-4c9f-a629-06f111c3c7c2
Gangs of New York,2002,2002,167,7.5,418948,e70f19b1-f6f2-4a8e-81b5-d5f16c73f4ff
The Hours,2002,2002,110,7.5,127773,51a57b94-2340-408a-81aa-3f4a4acc841c
The Lord of the Rings: The Two Towers,2002,2002,179,8.7,1540135,8e3c29ae-fb18-4813-a3af-d2d8cb071954
The Pianist,2002,2002,150,8.5,766841,1ffecc42-aab2-4688-924e-dc759598b98e
The Lord of the Rings: The Return of the King,2003,2003,201,8.9,1703481,7591962a-1d5a-48dd-a362-8546b21ced73
Lost in Translation,2003,2003,102,7.7,431381,ed953088-38f9-43b3-beb3-f5f447de2ca1
Master and Commander: The Far Side of the World,2003,2003,138,7.4,210599,41879be1-9006-4484-a325-aa2cc29d2894
Mystic River,2003,2003,138,7.9,435337,45a52a04-0915-4a4d-8034-8fb1b2811258
Seabiscuit,2003,2003,140,7.3,70147,2f1c775f-7d85-41a3-9ab1-1e99cfae4b94
Million Dollar Baby,2004,2004,132,8.1,655679,a360a577-fb0b-4bd2-ae39-35fb5dbb3deb
The Aviator,2004,2004,170,7.5,344901,90b4e270-b686-4bf2-9fab-2b01b7aa3dd9
Finding Neverland,2004,2004,106,7.7,202139,19cc6810-a1c4-4d0d-a89a-d0d74c2755da
Ray,2004,2004,152,7.7,142545,2fbdbfe1-f830-4ddd-bd17-6648c2b9c9bb
Sideways,2004,2004,127,7.5,184511,c5601ba2-1104-46c1-8c61-74bc9fd90e73
Crash,2005,2004,112,7.7,426775,4585c429-08f0-4e20-8b9d-d6dcc8fcfbe1
Brokeback Mountain,2005,2005,134,7.7,337000,dd71a463-36f8-441f-926c-6f93f4ff9141
Capote,2005,2005,114,7.3,128822,258c1c0d-0b7d-4efb-b5a2-ba3b5d0baf88
Good Night and Good Luck,2005,2005,93,7.4,95865,0631e138-136e-49f5-b31f-0ad5674df13f
Munich,2005,2005,164,7.5,218462,fb74c6a2-d107-4507-bbf1-819e9daa27ae
The Departed,2006,2006,151,8.5,1235906,bc73e784-5ad5-45b4-a7b4-132f0ffade15
Babel,2006,2006,143,7.4,295061,03a8d27b-c5bd-4002-bf8e-df24cfd96c86
Letters from Iwo Jima,2006,2006,141,7.9,157732,7e651506-c75d-403b-9673-b4bc77a84ef2
Little Miss Sunshine,2006,2006,101,7.8,453506,16583578-4e99-4999-ab66-9de7d7efc495
The Queen,2006,2006,103,7.3,107000,348637e8-bc7c-4d44-8b01-7067023960dd
No Country for Old Men,2007,2007,122,8.1,896630,29a90339-c5f5-4022-8b33-ea349c4b1bd9
Atonement,2007,2007,123,7.8,261609,5b42aceb-a4cb-4897-a376-712e66946cea
Juno,2007,2007,96,7.4,502296,e41e7111-830b-46a2-93fb-1250a5554bbe
Michael Clayton,2007,2007,119,7.2,160164,25f1acab-c833-4f4d-ad57-1a283707fbda
There Will Be Blood,2007,2007,158,8.2,542278,41c2923e-f31c-47e4-9be8-e6a447a7d87e
Slumdog Millionaire,2008,2008,120,8.0,816485,04b5c110-03a9-43dd-ada0-9d5ec5a2b140
The Curious Case of Benjamin Button,2008,2008,166,7.8,611518,20341ee5-10fc-422f-80a8-2285d2a720c3
Frost/Nixon,2008,2008,122,7.7,105602,70d1eaaa-04ef-40fa-83eb-c76f9924538a
Milk,2008,2008,128,7.5,168756,206da0df-8b6f-4ca0-8ced-f05b683b63ae
The Reader,2008,2008,124,7.6,235605,2a998534-5479-42e2-bf17-fcf8fcdeab51
The Hurt Locker,2009,2008,131,7.5,433326,9b4177d0-0aaf-4921-ab28-50fa0b20affc
Avatar,2009,2009,162,7.8,1153124,62882251-9304-4fec-9fa3-b3d20f9574f5
The Blind Side,2009,2009,129,7.6,305982,7a30c0a9-58fa-41f7-90fd-f85a2c9979d1
District 9,2009,2009,112,7.9,653215,8f06e9f9-d006-4674-b3c1-62406652630a
An Education,2009,2009,100,7.3,131326,6651de34-a337-4395-8797-2f408016fafa
Inglourious Basterds,2009,2009,153,8.3,1326791,703f43ee-ac54-4db6-838b-9bb256ad85fc
Precious: Based on the Novel Push by Sapphire,2009,2009,110,7.3,107998,85eebe7c-8a46-4b99-a06f-67bae1254117
A Serious Man,2009,2009,106,7.1,137770,700a9b52-7949-432b-b650-6a190328e137
Up,2009,2009,96,8.2,971845,91050f20-1d70-445d-af55-9153f4477c66
Up in the Air,2009,2009,109,7.4,325743,079dec92-de45-4395-b058-de3943fb90ce
The Kings Speech,2010,2010,118,8.0,655187,ab6ff668-b31b-42b4-a406-468b3660562c
127 Hours,2010,2010,94,7.5,359243,8aa6ad71-a915-44d3-ad61-a57c83baaee9
Black Swan,2010,2010,108,8.0,721688,d8594332-3a1c-41c4-a4bb-95744b7cc77b
The Fighter,2010,2010,116,7.8,350469,6d10b167-cb37-4e7c-9636-6bdf993a3ed0
Inception,2010,2010,148,8.8,2160498,33289599-ab93-4631-922c-d0c5f1f652e7
The Kids Are All Right,2010,2010,106,7.0,127959,9772cfa2-5d7b-48eb-8f33-fd9d15087bc5
The Social Network,2010,2010,120,7.7,651516,05fad488-166b-4fcd-9b23-b97ba7c51007
Toy Story 3,2010,2010,103,8.2,783665,2c7866a2-f2a7-4409-b90d-022a083e8c04
True Grit,2010,2010,110,7.6,322030,86393a19-8f0b-4f28-b90f-9d953dfec999
Winters Bone,2010,2010,100,7.2,138998,d013a485-c112-4f45-8139-4fca7bfe388f
The Artist,2011,2011,100,7.9,235457,d200f517-17a4-4d43-8be6-2cf5d36d6bfa
The Descendants,2011,2011,115,7.3,236381,3674e560-49ce-4097-8249-b3329d12e09c
Extremely Loud & Incredibly Close,2011,2011,129,6.9,99514,a09a682d-a636-491f-a135-cef9b7628824
The Help,2011,2011,146,8.0,438666,d571a523-7282-4694-a8ce-5ca620f090ad
Hugo,2011,2011,126,7.5,312181,731143c6-6b60-4fb1-8564-6b86f5175893
Midnight in Paris,2011,2011,94,7.7,401524,343925fb-50f7-400d-ad63-70008718666e
Moneyball,2011,2011,133,7.6,389329,7b46b3b9-1924-4db8-a286-956320d88dfa
The Tree of Life,2011,2011,139,6.8,171734,cd62128e-0cf2-467d-a82a-4fb7c5d4d445
War Horse,2011,2011,146,7.2,151533,8511a59e-ed87-4bfb-8c72-588e85a3b8c7
Argo,2012,2012,120,7.7,588984,df2afe2f-24a3-4bef-bbbc-716e24c5c723
Amour,2012,2012,127,7.9,96258,96b5b091-519c-4924-8bc0-76acde8979c5
Beasts of the Southern Wild,2012,2012,93,7.3,82051,7b0b3303-0178-4978-a5d5-818ab2209cc2
Django Unchained,2012,2012,165,8.4,1420092,cca88b79-5fdc-40c6-845f-43c3421cbbee
Life of Pi,2012,2012,127,7.9,598436,e21da27c-6ce5-4de2-b31c-82bfafd8a585
Lincoln,2012,2011,118,7.3,223752,af47c834-a347-4036-991f-c192418f19dd
Les Misérables,2012,2012,158,7.6,317030,d7ede1ef-73aa-4ffe-8d0e-254b90588f95
Silver Linings Playbook,2012,2012,122,7.7,679022,c3b2fd62-298b-4692-afb8-ab18bdc11e80
Zero Dark Thirty,2012,2012,157,7.4,283119,cc2c5a6a-c66c-4d94-9dcd-2c588ffdb607
12 Years a Slave,2013,2013,134,8.1,662741,219ec9bd-2d5c-40c8-b914-bca2446ddcda
American Hustle,2013,2013,138,7.2,460918,4ca961d2-bac4-43ee-be0c-325348503edd
Captain Phillips,2013,2013,134,7.8,436364,8e3f5cbe-ba2c-4f7a-a557-030aa0eb3f44
Dallas Buyers Club,2013,2013,117,8.0,459404,15d6f774-4640-49dd-b1bf-f1e3454ee368
Gravity,2013,2013,91,7.7,789470,3b72ef21-a1a0-4bae-ac7d-62bbb2a8fb97
Her,2013,2013,126,8.0,565149,49a7e2c9-87c7-496f-b097-f30d641f6bbe
Nebraska,2013,2013,115,7.7,115031,fb0e0e48-dd1c-47a9-9c5a-e7617cd1f233
Philomena,2013,2013,98,7.6,96771,dd456cf6-adef-4ce6-98a9-5e59bbb27189
The Wolf of Wall Street,2013,2013,180,8.2,1257166,bdad64df-7778-4870-9d2f-f4aa2141388e
Birdman or (The Unexpected Virtue of Ignorance),2014,2014,119,7.7,599240,2a5cefcd-9f9e-481c-bcc3-721365d97672
American Sniper,2014,2014,133,7.3,455885,a1672fdb-9891-4606-9b46-4abc01e1790a
Boyhood,2014,2014,165,7.9,343822,d5061cf6-5575-416e-9b08-bed6c5a1e381
The Grand Budapest Hotel,2014,2014,99,8.1,741950,24db8875-b61e-4643-bda9-de2455d0f5e7
The Imitation Game,2014,2014,114,8.0,714452,e0336cbf-d6e0-4e6f-990f-854660d715dc
Selma,2014,2014,128,7.5,89059,89d620e7-a9dd-4247-96da-c019556a3cb0
The Theory of Everything,2014,2014,123,7.7,421764,82023c5d-f065-4616-bbab-970e84a58d8a
Whiplash,2014,2014,106,8.5,758911,883da4a2-c3e4-487b-a08c-94f2dff27125
Spotlight,2015,2015,129,8.1,440413,e8728900-9b21-4486-8a41-893439f118f3
The Big Short,2015,2015,130,7.8,387192,a0e57135-dbfa-44a9-9f12-e6d04c9cef45
Bridge of Spies,2015,2015,142,7.6,298091,01be4f89-7f33-44b5-84fb-74373c394649
Brooklyn,2015,2015,117,7.5,135972,f95ccdec-05e4-4df6-896c-24ffd29e32cb
Mad Max: Fury Road,2015,2015,120,8.1,922840,79fc5e5f-e53f-4bd2-8a92-154268114f49
The Martian,2015,2015,144,8.0,791919,72011778-43b2-4b5f-99e9-49226a306a20
The Revenant,2015,2015,156,8.0,738208,afc8d345-abee-4a78-bbf1-1d2271319e41
Room,2015,2015,118,8.1,391182,711a0fe6-003c-4234-b1e1-c192f2d7ab44
Moonlight,2016,2016,111,7.4,287563,194103bc-9dbe-4396-ad61-8370f887ce45
Arrival,2016,2016,116,7.9,629568,0e1f47b6-3fda-45b5-ae50-3b0077b16360
Fences,2016,2016,139,7.2,102639,27beb229-8515-4657-8a03-873b287d29f2
Hacksaw Ridge,2016,2016,139,8.1,464504,47d27cf4-2241-42eb-8776-d45b8f1a19ce
Hell or High Water,2016,2016,102,7.6,213325,fba9e12d-e725-4711-a502-2e369e554591
Hidden Figures,2016,2016,127,7.8,211233,3bfde6b3-4e9d-4411-a051-00eb89105a84
La La Land,2016,2016,128,8.0,534405,dd2fa2f2-4cbe-4fbe-888c-5cea6773809b
Lion,2016,2016,118,8.0,223804,6f62117a-ca4b-4f26-8b4d-bcff6d3ed0e8
Manchester by the Sea,2016,2016,137,7.8,260159,2d5bd667-6a86-4737-a069-3d875a29941b
The Shape of Water,2017,2017,123,7.3,391523,05e574cc-0583-419f-9300-257cf0c4d110
Call Me by Your Name,2017,2017,132,7.9,234177,324af136-4644-43f4-9302-000013843ec9
Darkest Hour,2017,2017,125,7.4,184502,097298e3-0a4c-42c9-b295-f7db341d29a0
Dunkirk,2017,2017,106,7.8,591901,d4bf0919-c2bd-4ab7-9b6f-ad4881444173
Get Out,2017,2017,104,7.7,526587,bdea345b-3abf-4be0-927e-6dd11c3718bd
Lady Bird,2017,2017,94,7.4,258867,fcda8ae3-1d27-4d2d-83c2-e9804ad6bcd7
Phantom Thread,2017,2017,130,7.5,119413,daf77b01-c9e3-4bfa-8a6d-57e07ba4c5ad
The Post,2017,2017,116,7.2,142630,b440a217-27a1-470b-b04e-c101d6cdf8be
Three Billboards Outside Ebbing Missouri,2017,2017,115,8.1,463268,60b0d783-fb20-4683-b1a0-269a7fe8020e
Green Book,2018,2018,130,8.2,422669,4dd226cc-dc68-40e7-a5b3-3b1bfff594f1
Black Panther,2018,2018,134,7.3,671956,23eb3d70-301d-4e30-955f-57acf8f650dd
BlacKkKlansman,2018,2018,135,7.5,240028,9b92d8a7-dc53-4219-bb2d-3812ba4048a6
Bohemian Rhapsody,2018,2018,134,7.9,482597,fecdf7d4-1af9-41ab-883c-9616cea28519
The Favourite,2018,2018,119,7.5,183744,789c5253-e33e-4862-9cd6-6795271af717
Roma,2018,2018,135,7.7,147705,1dc73d5e-4ae5-428e-a4f3-d465ffc9262d
A Star Is Born,2018,2018,136,7.6,354157,a8a00610-8b95-4d5f-b95e-128b6a2853ea
Vice,2018,2018,132,7.2,132014,27048415-ff2e-427e-a4de-5d2898a0812d
Parasite,2019,2019,132,8.6,651517,db1a7b9b-b141-4816-a78a-1ba660b98dba
1917,2019,2019,119,8.3,485648,e150fdb8-b54e-4411-9adf-ab4d2e3bcab0
Ford v Ferrari,2019,2019,152,8.1,331665,054dfed2-ce14-4c17-9bf2-fb228eaa78a3
The Irishman,2019,2019,209,7.8,349303,cf8fb1fa-1a2b-48bd-a241-c7e9d487c09d
Jojo Rabbit,2019,2019,108,7.9,335856,111025ab-00c2-490a-8921-f298fe1a6006
Joker,2019,2019,122,8.4,1056051,9988cdef-854b-4e3d-8dc4-19e8e8717b9b
Little Women,2019,2019,135,7.8,163410,6207f4ff-c6a8-4922-b48d-71b03a01bc96
Marriage Story,2019,2019,137,7.9,270304,4dfbadb9-b7f9-4c24-bbd8-5d55dce2c7c6
Once Upon a Time in Hollywood,2019,2019,161,7.6,628233,80060b63-3c4c-42c3-ab4f-4efee21776bd
Nomadland,2020,2020,107,7.4,123041,f04508ab-e957-49aa-908e-c1286123a493
The Father,2020,2020,97,8.3,89693,73e858b2-7b6e-48b4-80d6-960a992961f5
Judas and the Black Messiah,2020,2021,126,7.5,58996,cf55544c-fcaa-4b26-9773-52be27359d6f
Mank,2020,2020,131,6.9,65380,47d4ae4f-e782-4cd9-9508-4a07302b1c1a
Minari,2020,2020,115,7.5,57976,7262b3a8-214d-4205-985c-70e0860f3236
Promising Young Woman,2020,2020,113,7.5,122269,d64c669b-7a73-496a-bddb-19cb09264371
Sound of Metal,2020,2019,120,7.8,102807,647357e9-c067-46bd-aaeb-24d4344ec124
The Trial of the Chicago 7,2020,2020,129,7.8,156283,cecbca48-f19c-43f4-81d2-da130facda95
